nama produk,harga,jumlah
Lampu Tumblr Kawat Mini 1-5M LED Diskon,"Rp2,298",10RB+ sold
Gogolampu LED Hias Tumbler Bunga Balon ,"Rp2,281",10RB+ sold
Lampu LED 3 Mata 12V Roshan 6011 ,"Rp1,470",10RB+ sold
Lampu LED Neon Flex 220V Waterproof 1M-100M,"Rp5,800",10RB+ sold
GOGOLAND E005 Lampu Lilin elektrik LED,"Rp1,879",10RB+ sold
ANG SARUNG JARI / SARUNG JEMPOL GAME,"Rp2,600",10RB+ sold
Lampu Hias LED 1M 10 LED Indoor Outdoor,"Rp2,176",10RB+ sold
BG Lampu Tumblr Mini 1-5M LED 3 Mode,"Rp2,274",10RB+ sold
"Kapasitor Kipas Angin CBB61 1.2UF, 1.5UF","Rp2,750",10RB+ sold
Klem LED Strip Transparan / Klem Lampu,Rp900,10RB+ sold
Lampu Hias LED 2M Free Baterai 3 Mode,"Rp2,150",10RB+ sold
Battery Baterai 18650 3.7V 1200 Mah bisa isi ,"Rp6,800",10RB+ sold
PCB LED ACR 5watt sampai 40wat putih terang,"Rp4,200",10RB+ sold
kabel serabut 2x10 NYZ tembaga murni harg,"Rp1,624",10RB+ sold
Baling Baling Kipas Plastik 80mm / 8cm,"Rp2,500",10RB+ sold
SARUNG TANGAN JEMPOL GAMING 1 SET,"Rp2,450",10RB+ sold
AOKI Lampu LED Emergency AC/DC,"Rp27,900",10RB+ sold
STOP KONTAK KABEL 1.5/3/5 /10METER,"Rp17,288",10RB+ sold
Bobastore Lampu Hias Led Mini 1-3M ,"Rp2,281",10RB+ sold
Panasonic Inbow Dus Mangkok IB,"Rp4,900",10RB+ sold
Lampu LED STRIP SELANG 2835 /220V,"Rp25,666",10RB+ sold
Selang bakar isolasi bakar 2mm 3mm 4mm,"Rp1,453",10RB+ sold
Led Strip Selang 5050 220V Meteran Super,"Rp2,999",10RB+ sold
Meteran Strip LED 5050 Waterproof 1M 220V,"Rp3,299",10RB+ sold
Golden LED Quick Connect Terminal Block,"Rp24,000",10RB+ sold
Kabel audio 1x1 Cable Sambungan Audio,"Rp3,850",10RB+ sold
Lampu Tidur LED Sensor Cahaya Hemat,"Rp10,850",10RB+ sold
BATERAI DOUBLEPOWER,"Rp5,599",10RB+ sold
PCB LED AC ( DMC ) LENGKAP 5-50WATT,"Rp22,000",10RB+ sold
MIKOTEK Bohlam LED Tabung / Lampu LED,"Rp4,164",10RB+ sold
FYGalery Lampu Tumblr Xeron 10m Packing,"Rp19,108",10RB+ sold
Jasa Cetak PCB Custom Single Double,"Rp1,000",10RB+ sold
Cetak PCB bijian / partai,Rp300,10RB+ sold
Lampu LED kedip kawat 1 meter dan 2 meter,"Rp2,490",10RB+ sold
HK-5066 Neon LED Strip 220V IP65 Waterproof,"Rp5,249",10RB+ sold
Lampu Modul LED Murah 12v 3 Mata / led,"Rp1,650",10RB+ sold
KLEM LAMPU NEON BRAKET LED NEON FLEX,Rp750,10RB+ sold
STOP KONTAK + KABEL 2/3/4/5 LUBANG,"Rp16,066",10RB+ sold
Potensio Mono Linear 50K Merk Sesuai,"Rp2,500",10RB+ sold
Market1688 Lampu Hias Led Mini 1-5M,"Rp2,176",10RB+ sold
Lampu Led Neon Flex 220V 1M-50M IP65,"Rp4,850",10RB+ sold
COSY Konektor Kabel Listrik Quick Connect,Rp417,10RB+ sold
Kabel dc male / kabel dc female tembaga,"Rp1,300",10RB+ sold
Original XRB 2PCS Sarung Jari Jempol,Rp920,10RB+ sold
Kabel Aux Audio 1X1 Cable 1x1 Jack audio ,"Rp3,850",10RB+ sold
CAHAYA - Stop Kontak + Kabel 2/3/4/5,"Rp16,799",10RB+ sold
Lampu Track LED Sorot 15W/20W/30W,"Rp22,000",10RB+ sold
LED kawat / Lampu LED 1m (Baterai),"Rp2,299",10RB+ sold
Lampu LED Mini Usb Tidur Belajar Praktis,"Rp1,250",10RB+ sold
LAMPU LED STRIP SELANG 5050 SMD AC,"Rp3,399",10RB+ sold
Dudukan Lampu Neon Flex LED 220V/12V 1Pcs,Rp900,10RB+ sold
Lampu Tidur Mini USB LED Belajar Praktis,"Rp1,250",10RB+ sold
New Sarung Jempol Jari Finger Gaming Layar,"Rp1,600",10RB+ sold
Paket Lampu LED Strip RGB 5M 10M IP44 IP33,"Rp99,000",10RB+ sold
Switch On Of / 2 Pin Kaki 2 / Kaki 4 Versi 1 ,"Rp1,499",10RB+ sold
Lampu LED Strip SMD 5730 Double 1M-100M,"Rp6,750",10RB+ sold
Neon Flex 220V LED Lampu 100M Waterproof,"Rp5,800",10RB+ sold
Saklar Mini Merah/Hitam 15x10mm Saklar,Rp575,10RB+ sold
Saklar Besar Merah/Hitam 21*15mm Saklar,Rp559,10RB+ sold
Neon Flex Lampu LED Selang Panjang 5M,"Rp29,500",10RB+ sold
