nama produk,harga,jumlah,kategori
Denpoo Mesin Cuci 2 Tabung DW 9292 4P Kapasitas 8 KG,1532000,750,Mesin Cuci
Arashi Laundry AWM 452A Mesin Cuci 1 Tabung 4.5 KG,1442800,500,Mesin Cuci
MESIN CUCI 1 TABUNG AQUA JAPAN AQW 77 DH /  FWT 7600 / PWM 7029 / 7000PGG / AWS-780 / 78DD TOP LOADING 7 KG HIJAB,2450000,1000,Mesin Cuci
Mesin Cuci 1 Tabung AQUA QW 77 DH 7.5 KG Hijab Series HITAM otomatis,2381000,250,Mesin Cuci
Sanken Mesin Cuci Twin Tub TW-882BP 9kg Mesin Cuci 2 Dua Tabung,2600000,750,Mesin Cuci
"MESIN CUCI PORTABLE MINI DENPOO DW-3 KAPASITAS 4,5kg",898000,2000,Mesin Cuci
DENPOO MESIN CUCI DW 8907 TURBO FULSTOR 8KG 2 TABUNG,1443000,6000,Mesin Cuci
Umeda USTIK Lite Stick Vacuum,985000,1000,Vacuum
[ Upgraded ] Airbot Hypersonics MAX Detect Cordless Vacuum Mop Mengepel Penyedot Debu Vacum Cleaner,5000000,500,Vacuum
Deerma CM800 UV-C Vacuum Cleaner Penyedot/Sedot Tungau Anti Debu Kasur,579000,3000,Vacuum
Jetzt V10 PRO Electric UV Anti Dust Mite Vacuum Cleaner Mesin Penyedot Debu Mini dengan Sinar UV 12W & Motor 600W untuk Tidur Sofa & Instrument Garansi 1 Tahun Baterai 6 Bulan,980000,2000,Vacuum
Kurumi KV 04 Lite Anti Dust Mites Cordless UV Vacuum Cleaner,1650000,500,Vacuum
PerySmith V30 Pro Ultrasonic Double Dust Cup Anti Dust Mite UV Vacuum Cleaner Penyedot Debu Tungau Mite Removal Instrument,1640000,2000,Vacuum
Ecovacs DEEBOT T50S PRO OMNI BLACK Robot Vacuum | 81mm Ultra-Thin Design | TruEdge 2.0 Adaptive Edge Cleaning | AIVI 3D 3.0 OMNI-Approach Technology | ZeroTangle 3.0,16000000,3000,Vacuum
Panasonic Setrika Kering NI 22AWT / NI-22AWT Gosokan Baju Berat Garansi Resmi,509000,250,Setrika
"Setrika Philips HD1172 ,ceramic coating , 2 X durable philip HD 1172",348000,3000,Setrika
"SETRIKA PHILLIPS HD1172, Dry iron classic",365800,100,Setrika
MIYAKO SETRIKA EL1000M / EL 1000M / EM-1000 M (400W) GARANSI RESMI,289900,2000,Setrika
MASPION SETRIKA HA110 / HA 110 / HA-110 (350W) GARANSI RESMI,328650,750,Setrika
PHILIPS HD1172 / HD-1172  SETRIKA KERING CLASSIC - GARANSI RESMI Default,349900,10000,Setrika
Setrika Listrik Maspion EX-1010 BB / EX1010BB Electric Iron,147000,1000,Setrika
KIRIN Oven Listrik 19 Liter - KBO-190LW (Low Watt),701807,5000,Oven
Oven Listrik Idealife Low Watt Kapasitas 30 Liter MO-3001,2000000,250,Oven
Maspion Oven Toaster 9 Liter 500 Watt MOT901S Penghangat Pemanggang Roti Panggangan,402780,100,Oven
Denpoo Oven Toaster Pemanggang Roti Elektrik DT 125 D,323000,750,Oven
ELECTROLUX EOT2115X Oven Portable EOT 2115 X standing oven 21 Liter Hitam,1624000,40,Oven
SEKAI Oven Listrik Low Watt (21 L) OV 211,706000,750,Oven
Toshiba Microwave Oven MM-EM24P (BK) Kapasitas 24 Liter,2165000,250,Oven
DAIKIN FTC35YV14 / FTC35 AC Split Standard 1.5PK R32 - Indonesia | Blue Fin Coating - Low Voltage Protection - Filter Gin-Ion,6999000,750,AC
Gree AC Standard 1pk GWC-09MOO5 Termasuk Pasang / 09MOO5 - 09MOO5S,4639000,750,AC
AC AQUA JAPAN AQA KR 05 FQDL/AL / KIOS 05r32 / DDS 05CTL 1/2 PK + PASANG R32 LOW WATT,3348000,750,AC
AC SHARP 1 pk + PASANG INSTALASI AH-A 9 UCY TURBO COOL SERIES R32 1PK,3929100,1000,AC
Rice Cooker 1 LITER ZOJIRUSHI NS-WAQ10,4400000,250,Rice Cooker
Maspion Rice Cooker Magic Com 1.8 Liter MRJ-1838,533700,30,Rice Cooker
Cosmos Magic Com - CRJ8229BSS - CRJ-8229BSS - Silver/Hitam,399000,100,Rice Cooker
ZOJIRUSHI RICE COOKER IKIGAI PREMIUM 1 Liter NL-GAQ10 MADE IN JAPAN With Steamer/Slow Cooker/Oatmeal/Quinoa,9300000,250,Rice Cooker
Miyako Magic Com - MCM-528 - Random Colour,309000,250,Rice Cooker
CUCKOO Pressure Rice Cooker 1.8 L CRP-PK1000S Magic Com Penanak Nasi,2990000,100,Rice Cooker
Cosmos Magic Com - CRJ-1803 - Biru,289000,100,Rice Cooker
Knob Channel HT Yaesu VX6,96000,2,Knob
GREE U-Match Cassette GU71T/A-K,26399000,7,AC
Blender TEFAL BL871 Kapasitas 2 Liter Blender Kaca,1949000,11,Blender
Samsung Microwave Grill MG30T5068CK | MG30T50 30 Liter | MG30T5068,2999000,5,Oven
NEW LG NanoCell 2021 | LG NanoCell 43 Inch | 43NANO75TPA | 43NANO75,6000000,5,TV
SAMSUNG MESIN CUCI TOP LOADING 7 Kg WA70H4200 | WA70H4200SW | Wooble,2799000,25,Mesin Cuci
DAIKIN FTKC20TVM4 / FTKC20 AC STAR Inverter Thailand 3/4PK,6969000,30,AC
"MURAH..!!! MURAH..!!! BRACKET LED TV SEMUA MERK TV 28"" - 43"" | BREKET",100000,9,TV
Ac Midea 2PK MSFQ18CRN8 Dual Filtration 2 PK Turbo Mode MSFQ 18 CRN 8,6195000,6,AC
Kulkas 2 Pintu Inverter Panasonic NR-BB201Q-PK 196 liter NRBB201QPK,4291000,3,Kulkas
Baterai HT BAOFENG UV-82 - Baofeng Indonesia,150000,20,Baterai HT
SHARP  SJ-426GI-MS kulkas 2 pintu Tempered Glass Mirror PLASMACLUSTER,6770000,3,Kulkas
Bracket Bravia LCD LED TV Monitor Ukuran 40-85 inch (Wajib membeli dengan TV),100000,40,TV
TOSHIBA 50C350NP UHD 4K GOOGLE SMART TV DOLBY VISION ATMOS 50 Inch 50C350NP  50C350,5519000,2,TV
SAMSUNG WF14F5K3AVW Mesin Cuci Front Loading 14 Kg | WF14 | WF14F5K3,10299000,1,Mesin Cuci
AQUA KULKAS 2 PINTU I AQR-D270 I aqrd270ls I aqr-d270ds I kulkas promo,3190000,3,Kulkas
"SHARP SJ-N162D-SH/SB/SP KULKAS 1 PINTU (BIRU,HIJAU,PINK)",2135000,3,Kulkas
SAMSUNG UA32T4500AKXXD SMART TV 32 INCH | NEW 2020 | 32T4500,3229900,11,TV
Ac AQUA Japan 1 PK Aqa-kcr9ahq Aqa kcr9ahq 9ahq Split Standard 1PK,3399000,16,AC
Samsung Neo QLED 4K 85 QN90C Samsung 85QN90C 85 Inch QA85QN90CAKXXD,62991000,2,TV
SAMSUNG 85QN90C NEO QLED 85 inch SMART TV QA85QN90CAKXXD 4K QA85QN90C,77999000,4,TV
Ionizer Wire Honeywell Electronic Air Cleaner EAC,55000,25,AC
TV LED LG 65 Inch 65UR9050PSK Smart tv 4K LG Tv 65UR9050 65UR90 UR9050,9793000,2,TV
Gea Kulkas 2 pintu G2HD-217 / G2HD 217 / G2HD217 217 liter Murah GARANSI RESMI GEA,2954000,40,Kulkas
LG 60UN7100PTA - LED UHD 4K SMART TV 60 Inch - 60UN7100 - 60UN71,9559900,9,TV
Google TV 50 Inch Hisense U6K 50 ULED TV Quantum Dot 50 Hisense 50U6K,7490000,1,TV
LG Freezer GN-INV304BK ( Black ) / FREEZER LG 6 RAK,4199388,1,Kulkas
AQUA CHEST FREEZER AQF-500 W/ LEMARI PEMBEKU/ MURAH/ BY SANYO,7999000,4,Kulkas
SAMSUNG RT31CG5420B1SE / RT31 Kulkas 2 Pintu w/Ungkep Compartment 305L,6699000,50,Kulkas
AC Daikin AC 1PK FTKE25YV14 Flash Inverter + PASANG / 1 PK FTKE 25YV14,5973000,60,AC
